{
    "accuracy": 0.7833333333333333,
    "precision_diseased": 0.7575757575757576,
    "recall_diseased": 0.8333333333333334,
    "f1_score_diseased": 0.7936507936507936,
    "roc_auc": 0.15777777777777777
}